{
  "properties": {
    "connectionReferences": {
      "shared_office365groups": {
        "runtimeSource": "invoker",
        "connection": {
          "connectionReferenceLogicalName": "aagy_sharedoffice365groups_36f0a"
        },
        "api": {
          "name": "shared_office365groups"
        }
      },
      "shared_sharepointonline": {
        "runtimeSource": "invoker",
        "connection": {
          "connectionReferenceLogicalName": "aagy_sharedsharepointonline_bad07"
        },
        "api": {
          "name": "shared_sharepointonline"
        }
      }
    },
    "definition": {
      "$schema": "https://schema.management.azure.com/providers/Microsoft.Logic/schemas/2016-06-01/workflowdefinition.json#",
      "contentVersion": "undefined",
      "parameters": {
        "$authentication": {
          "defaultValue": {},
          "type": "SecureObject"
        },
        "$connections": {
          "defaultValue": {},
          "type": "Object"
        }
      },
      "triggers": {
        "manual": {
          "type": "Request",
          "kind": "Button",
          "inputs": {
            "schema": {
              "type": "object",
              "properties": {},
              "required": []
            }
          }
        }
      },
      "actions": {
        "Get_item": {
          "runAfter": {},
          "type": "OpenApiConnection",
          "inputs": {
            "parameters": {
              "dataset": "https://vincic.sharepoint.com/sites/conetec-group",
              "table": "7831645d-af2b-4371-851a-73258e5c6a19",
              "id": 368
            },
            "host": {
              "apiId": "/providers/Microsoft.PowerApps/apis/shared_sharepointonline",
              "connectionName": "shared_sharepointonline",
              "operationId": "GetItem"
            },
            "authentication": {
              "value": "@json(decodeBase64(triggerOutputs().headers['X-MS-APIM-Tokens']))['$ConnectionKey']",
              "type": "Raw"
            }
          }
        },
        "Initialize_variable": {
          "runAfter": {
            "Get_item": [
              "Succeeded"
            ]
          },
          "type": "InitializeVariable",
          "inputs": {
            "variables": [
              {
                "name": "TimeZone",
                "type": "string",
                "value": "America/Vancouver"
              }
            ]
          }
        },
        "Create_a_group_event_(V2)": {
          "runAfter": {
            "Initialize_variable_2": [
              "Succeeded"
            ]
          },
          "type": "OpenApiConnection",
          "inputs": {
            "parameters": {
              "groupId": "a9a79e2e-9605-4d36-a6d8-95b1de0914a0",
              "body/subject": "Test2-Vancouver",
              "body/start/dateTime": "@concat(outputs('Get_item')?['body/DateFrom'], 'T08:00:00')",
              "body/end/dateTime": "@concat(outputs('Get_item')?['body/DateTo'], 'T17:00:00')"
            },
            "host": {
              "apiId": "/providers/Microsoft.PowerApps/apis/shared_office365groups",
              "connectionName": "shared_office365groups",
              "operationId": "CreateCalendarEventV2"
            },
            "authentication": {
              "value": "@json(decodeBase64(triggerOutputs().headers['X-MS-APIM-Tokens']))['$ConnectionKey']",
              "type": "Raw"
            }
          }
        },
        "HTTP": {
          "runAfter": {
            "Initialize_variable": [
              "Succeeded"
            ]
          },
          "type": "Http",
          "inputs": {
            "uri": "https://raw.githubusercontent.com/unicode-org/cldr/main/common/supplemental/windowsZones.xml",
            "method": "GET"
          },
          "runtimeConfiguration": {
            "contentTransfer": {
              "transferMode": "Chunked"
            }
          }
        },
        "Compose_1": {
          "runAfter": {
            "Compose": [
              "Succeeded"
            ]
          },
          "type": "Compose",
          "inputs": "@coalesce(\r\n  trim(\r\n    string(\r\n      first(\r\n        xpath(\r\n          xml(outputs('Compose')),\r\n          concat(\r\n            '/supplementalData/windowsZones/mapTimezones/mapZone[@type=\"',\r\n            trim(variables('TimeZone')),\r\n            '\"]/@other'\r\n          )\r\n        )\r\n      )\r\n    )\r\n  ),\r\n  trim(\r\n    string(\r\n      first(\r\n        xpath(\r\n          xml(outputs('Compose')),\r\n          concat(\r\n            '/supplementalData/windowsZones/mapTimezones/mapZone[@territory=\"001\" and ',\r\n            'contains(concat(\" \", @type, \" \"), \" ',\r\n            trim(variables('TimeZone')),\r\n            ' \")]/@other'\r\n          )\r\n        )\r\n      )\r\n    )\r\n  ),\r\n  trim(\r\n    string(\r\n      first(\r\n        xpath(\r\n          xml(outputs('Compose')),\r\n          concat(\r\n            '/supplementalData/windowsZones/mapTimezones/mapZone[',\r\n            'contains(concat(\" \", @type, \" \"), \" ',\r\n            trim(variables('TimeZone')),\r\n            ' \")]/@other'\r\n          )\r\n        )\r\n      )\r\n    )\r\n  ),\r\n  'UTC'\r\n)\r\n"
        },
        "Compose": {
          "runAfter": {
            "HTTP": [
              "Succeeded"
            ]
          },
          "type": "Compose",
          "inputs": "@if(\r\n  greaterOrEquals(indexOf(body('HTTP'), '<supplementalData>'), 0),\r\n  substring(body('HTTP'), indexOf(body('HTTP'), '<supplementalData>')),\r\n  body('HTTP')\r\n)\r\n"
        },
        "Compose_-_Start_Time": {
          "runAfter": {
            "Compose_1": [
              "Succeeded"
            ]
          },
          "type": "Compose",
          "inputs": "@formatDateTime(\r\n  convertTimeZone(\r\n    concat(outputs('Get_item')?['body/DateFrom'],'T08:00:00'),\r\n    trim(replace(replace(outputs('Compose_1'), 'other=\"', ''), '\"', '')),\r\n    'UTC'\r\n  ),\r\n  'yyyy-MM-ddTHH:mm:ss'\r\n)\r\n"
        },
        "Compose_-_End_Time": {
          "runAfter": {
            "Compose_-_Start_Time": [
              "Succeeded"
            ]
          },
          "type": "Compose",
          "inputs": "@formatDateTime(\r\n  convertTimeZone(\r\n    concat(outputs('Get_item')?['body/DateTo'],'T17:00:00'),\r\n    trim(replace(replace(outputs('Compose_1'), 'other=\"', ''), '\"', '')),\r\n    'UTC'\r\n  ),\r\n  'yyyy-MM-ddTHH:mm:ss'\r\n)\r\n"
        },
        "Update_Timezone_-_Send_an_HTTP_request_V2": {
          "runAfter": {
            "Create_a_group_event_(V2)": [
              "Succeeded"
            ]
          },
          "type": "OpenApiConnection",
          "inputs": {
            "parameters": {
              "Uri": "https://graph.microsoft.com/v1.0/groups/a9a79e2e-9605-4d36-a6d8-95b1de0914a0/calendar/events/@{outputs('Create_a_group_event_(V2)')?['body/id']}",
              "Method": "PATCH",
              "Body": "{\n  \"start\": {\n    \"dateTime\": \"@{variables('StartTime')}\",\n    \"timeZone\": \"UTC\"\n  },\n  \"end\": {\n    \"dateTime\": \"@{variables('EndTime')}\",\n    \"timeZone\": \"UTC\"\n  }\n}",
              "ContentType": "application/json"
            },
            "host": {
              "apiId": "/providers/Microsoft.PowerApps/apis/shared_office365groups",
              "connectionName": "shared_office365groups",
              "operationId": "HttpRequestV2"
            },
            "authentication": {
              "value": "@json(decodeBase64(triggerOutputs().headers['X-MS-APIM-Tokens']))['$ConnectionKey']",
              "type": "Raw"
            }
          },
          "description": "To update the time zone in the group event with the latest information in the item."
        },
        "Initialize_variable_1": {
          "runAfter": {
            "Compose_-_End_Time": [
              "Succeeded"
            ]
          },
          "type": "InitializeVariable",
          "inputs": {
            "variables": [
              {
                "name": "StartTime",
                "type": "string",
                "value": "@outputs('Compose_-_Start_Time')"
              }
            ]
          }
        },
        "Initialize_variable_2": {
          "runAfter": {
            "Initialize_variable_1": [
              "Succeeded"
            ]
          },
          "type": "InitializeVariable",
          "inputs": {
            "variables": [
              {
                "name": "EndTime",
                "type": "string",
                "value": "@outputs('Compose_-_End_Time')"
              }
            ]
          }
        }
      }
    },
    "templateName": null
  },
  "schemaVersion": "1.0.0.0"
}